{
  "data_stats": {
    "n_datasets": 141521,
    "feature_dim": 1155,
    "n_features_mean": 8.180877749591934,
    "n_features_range": [
      3,
      40
    ],
    "n_direct_parents_mean": 1.7797288034991274,
    "n_ancestors_mean": 2.3571625412482953,
    "parent_fraction_mean": 0.25774167190860064,
    "ancestor_fraction_mean": 0.3213718870460212,
    "generator": "tabpfn_prior (zzhang-cn/tabpfn-synthetic-data)"
  },
  "results": {
    "binary_direct": {
      "baselines": {
        "random": {
          "auroc": 0.5046519415075482,
          "aupr": 0.2189562861541838,
          "accuracy": 0.5013890496585253,
          "precision": 0.21918662386549964,
          "recall": 0.5060247387502665,
          "f1": 0.3058800779928131
        },
        "constant_mean": {
          "auroc": 0.5,
          "aupr": 0.2171084616275032,
          "accuracy": 0.7828915383724968,
          "precision": 0.0,
          "recall": 0.0,
          "f1": 0.0
        },
        "signal_norm": {
          "auroc": 0.5659585095448977,
          "aupr": 0.2526449432102966,
          "accuracy": 0.2171084616275032,
          "precision": 0.2171084616275032,
          "recall": 1.0,
          "f1": 0.35676107507656024
        }
      },
      "mlp": {
        "auroc": 0.6676006686800501,
        "aupr": 0.3468844157895121,
        "accuracy": 0.673104525986804,
        "precision": 0.33529564990883043,
        "recall": 0.5147152911068458,
        "f1": 0.4060695921006972,
        "mean_spearman": 0.10802856985321234,
        "train_time_s": 2554.5,
        "best_train_loss": 0.9329,
        "best_val_loss": 0.9307,
        "n_epochs_trained": 76
      },
      "transformer": {
        "auroc": 0.6584158666411597,
        "aupr": 0.3315917453288935,
        "accuracy": 0.6634101169116796,
        "precision": 0.32567722758900225,
        "recall": 0.5140754958413307,
        "f1": 0.3987428146065092,
        "mean_spearman": 0.08321328458793706,
        "train_time_s": 3030.9,
        "best_train_loss": 0.9421,
        "best_val_loss": 0.9378,
        "n_epochs_trained": 41
      }
    },
    "binary_ancestry": {
      "baselines": {
        "random": {
          "auroc": 0.4981903914792407,
          "aupr": 0.2849053136352583,
          "accuracy": 0.49852413473781687,
          "precision": 0.2852148950700883,
          "recall": 0.497436104493883,
          "f1": 0.36255287842560235
        },
        "constant_mean": {
          "auroc": 0.5,
          "aupr": 0.2866882741057993,
          "accuracy": 0.7133117258942007,
          "precision": 0.0,
          "recall": 0.0,
          "f1": 0.0
        },
        "signal_norm": {
          "auroc": 0.5413554707983989,
          "aupr": 0.3133830231806854,
          "accuracy": 0.2866882741057993,
          "precision": 0.2866882741057993,
          "recall": 1.0,
          "f1": 0.4456219581312918
        }
      },
      "mlp": {
        "auroc": 0.6602839531404436,
        "aupr": 0.41836925511938206,
        "accuracy": 0.5655457807616622,
        "precision": 0.3692233616424042,
        "recall": 0.7276012435902612,
        "f1": 0.4898638776189796,
        "mean_spearman": NaN,
        "train_time_s": 2530.7,
        "best_train_loss": 1.0252,
        "best_val_loss": 1.026,
        "n_epochs_trained": 73
      },
      "transformer": {
        "auroc": 0.5,
        "aupr": 0.2866882741057993,
        "accuracy": 0.2866882741057993,
        "precision": 0.2866882741057993,
        "recall": 1.0,
        "f1": 0.4456219581312918,
        "mean_spearman": NaN,
        "train_time_s": 2823.4,
        "best_train_loss": 1.0874,
        "best_val_loss": 1.0869,
        "n_epochs_trained": 38
      }
    },
    "graded_ancestry": {
      "baselines": {
        "random": {
          "r2": -0.858223848753014,
          "mae": 0.4831296465774287,
          "correlation": 0.0012521306145832642
        },
        "constant_mean": {
          "r2": 0.0,
          "mae": 0.35462575956199993,
          "correlation": -3.5848993003119417e-16
        },
        "signal_norm": {
          "r2": -3.23705049208668,
          "mae": 0.745884025784082,
          "correlation": 0.07191317542153233
        }
      },
      "mlp": {
        "r2": 0.06208086013793945,
        "mae": 0.33307042717933655,
        "correlation": 0.2538182470720507,
        "mean_spearman": NaN,
        "train_time_s": 2362.6,
        "best_train_loss": 0.1611,
        "best_val_loss": 0.1607,
        "n_epochs_trained": 70
      },
      "transformer": {
        "r2": 0.055383920669555664,
        "mae": 0.330936074256897,
        "correlation": 0.23752646713125689,
        "mean_spearman": 0.0790751012814351,
        "train_time_s": 1827.4,
        "best_train_loss": 0.1631,
        "best_val_loss": 0.1618,
        "n_epochs_trained": 25
      }
    },
    "interventional": {
      "baselines": {
        "random": {
          "r2": -1.5555818279224343,
          "mae": 0.47648453478208486,
          "correlation": -0.0018141059206418903
        },
        "constant_mean": {
          "r2": 0.0,
          "mae": 0.26384047053496634,
          "correlation": 0.0
        },
        "signal_norm": {
          "r2": -5.481181296734892,
          "mae": 0.8168042140884897,
          "correlation": 0.12441750963172415
        }
      },
      "mlp": {
        "r2": 0.08000624179840088,
        "mae": 0.24464115500450134,
        "correlation": 0.28492196643227996,
        "mean_spearman": 0.1175700871944097,
        "train_time_s": 1089.9,
        "best_train_loss": 0.1134,
        "best_val_loss": 0.1126,
        "n_epochs_trained": 34
      },
      "transformer": {
        "r2": 0.07603210210800171,
        "mae": 0.24616679549217224,
        "correlation": 0.2762842980135884,
        "mean_spearman": 0.0995700197274075,
        "train_time_s": 2651.0,
        "best_train_loss": 0.114,
        "best_val_loss": 0.1132,
        "n_epochs_trained": 37
      }
    }
  },
  "ablation": {
    "full": {
      "input_dim": 1155,
      "binary_direct": {
        "auroc": 0.6674481651160094,
        "aupr": 0.3467959317775915,
        "accuracy": 0.6699618011343905,
        "precision": 0.33418878955776876,
        "recall": 0.5241789294092557,
        "f1": 0.4081577581733264,
        "mean_spearman": 0.10299264961207315,
        "best_val_loss": 0.9308
      },
      "binary_ancestry": {
        "auroc": 0.6614820165157645,
        "aupr": 0.4194638305268965,
        "accuracy": 0.5622699386503067,
        "precision": 0.3683073786623336,
        "recall": 0.7367262890136068,
        "f1": 0.4911012872013295,
        "mean_spearman": 0.0957749962352902,
        "best_val_loss": 1.0257
      },
      "graded_ancestry": {
        "r2": 0.06569904088973999,
        "mae": 0.3319774568080902,
        "correlation": 0.25640677001885626,
        "mean_spearman": NaN,
        "best_val_loss": 0.1601
      },
      "interventional": {
        "r2": 0.07835900783538818,
        "mae": 0.24394270777702332,
        "correlation": 0.28055820255954117,
        "mean_spearman": 0.10607816246971832,
        "best_val_loss": 0.1129
      }
    },
    "attention_only": {
      "input_dim": 489,
      "binary_direct": {
        "auroc": 0.6662248173437206,
        "aupr": 0.35133280254782917,
        "accuracy": 0.6765713624262067,
        "precision": 0.33716271318654045,
        "recall": 0.5069844316485391,
        "f1": 0.40499158840690813,
        "mean_spearman": 0.11004512863665586,
        "best_val_loss": 0.9318
      },
      "binary_ancestry": {
        "auroc": 0.6570531673880278,
        "aupr": 0.4157229338079733,
        "accuracy": 0.5668711656441717,
        "precision": 0.3689830157415079,
        "recall": 0.7192837243105745,
        "f1": 0.4877544594576095,
        "mean_spearman": 0.1014612217011118,
        "best_val_loss": 1.0309
      },
      "graded_ancestry": {
        "r2": 0.06355178356170654,
        "mae": 0.33448007702827454,